testSingleOOK, 1, 04-Nov-2018 15:01:24
testSingleOOK, 1, 04-Nov-2018 15:01:32
testSingleOOK, 1, 04-Nov-2018 15:05:03
testSingleOOK, 1, 04-Nov-2018 15:05:06
testSingleOOK, 1, 04-Nov-2018 15:05:09
testSingleOOK, 1, 04-Nov-2018 15:05:12
testSingleOOK, 1, 04-Nov-2018 15:05:16
testSingleOOK, 1, 04-Nov-2018 15:05:59
testSingleOOK, 1, 04-Nov-2018 15:06:02
testSingleOOK, 1, 04-Nov-2018 15:06:05
testSingleOOK, 1, 04-Nov-2018 15:06:08
testSingleOOK, 1, 04-Nov-2018 15:06:10
testSingleOOK, 1, 04-Nov-2018 15:06:13
testSingleOOK, 1, 04-Nov-2018 15:06:16
testSingleOOK, 1, 04-Nov-2018 15:06:18
testSingleOOK, 1, 04-Nov-2018 15:06:22
testSingleOOK, 1, 04-Nov-2018 15:06:26
testSingleOOK, 1, 04-Nov-2018 15:06:30
testSingleOOK, 1, 04-Nov-2018 15:06:34
testSingleOOK, 1, 04-Nov-2018 15:06:38
testSingleOOK, 1, 04-Nov-2018 15:06:41
testSingleOOK, 1, 04-Nov-2018 15:06:46
testSingleOOK, 1, 04-Nov-2018 15:06:49
testSingleOOK, 1, 04-Nov-2018 15:36:14
testSingleOOK, 1, 04-Nov-2018 15:36:17
testSingleOOK, 1, 04-Nov-2018 15:36:20
testSingleOOK, 1, 04-Nov-2018 15:36:23
testSingleOOK, 1, 04-Nov-2018 15:36:26
testSingleOOK, 1, 04-Nov-2018 15:36:28
testSingleOOK, 1, 04-Nov-2018 15:36:31
testSingleOOK, 1, 04-Nov-2018 15:36:34
testSingleOOK, 1, 04-Nov-2018 15:36:37
testSingleOOK, 1, 04-Nov-2018 15:36:39
testSingleOOK, 1, 04-Nov-2018 15:36:42
testSingleOOK, 1, 04-Nov-2018 15:36:44
testSingleOOK, 1, 04-Nov-2018 15:36:47
testSingleOOK, 1, 04-Nov-2018 15:36:50
testSingleOOK, 1, 04-Nov-2018 15:36:53
testSingleOOK, 1, 04-Nov-2018 15:36:55
testSingleOOK, 1, 04-Nov-2018 15:37:02
testSingleOOK, 1, 04-Nov-2018 15:37:04
testSingleOOK, 1, 04-Nov-2018 15:37:07
testSingleOOK, 1, 04-Nov-2018 15:37:10
testSingleOOK, 1, 04-Nov-2018 15:37:12
testSingleOOK, 1, 04-Nov-2018 15:37:15
testSingleOOK, 1, 04-Nov-2018 15:37:18
testSingleOOK, 1, 04-Nov-2018 15:37:20
testSingleOOK, 1, 04-Nov-2018 15:37:23
testSingleOOK, 1, 04-Nov-2018 15:37:25
testSingleOOK, 1, 04-Nov-2018 15:37:28
testSingleOOK, 1, 04-Nov-2018 15:37:31
testSingleOOK, 1, 04-Nov-2018 15:37:33
testSingleOOK, 1, 04-Nov-2018 15:37:36
testSingleOOK, 1, 04-Nov-2018 15:37:38
testSingleOOK, 1, 04-Nov-2018 15:37:41
testSingleOOK, 1, 04-Nov-2018 15:37:44
testSingleOOK, 1, 04-Nov-2018 15:37:46
testSingleOOK, 1, 04-Nov-2018 15:37:49
testSingleOOK, 1, 04-Nov-2018 15:37:52
